id,Name
number,string
ID,nickName
1,花裙子白衬衣
2,林海暮年地亦染
3,你不会明白
4,待你不再有她
5,玫瑰染血的妩媚
6,伴我
7,但愿人长久
8,我不会挽留
9,初拥在故事结局
10,转角相遇
11,放射你的光芒
12,你是我的信念
13,爱我别走
14,晨曦熹微
15,最后我是陌路人
16,栀梦
17,第二个是长久
18,久居孤独成性
19,回忆若能厮守
20,孤独成病
21,风吹雨成花云翻
22,西瓜心甜
23,热情如我
24,她是光芒
25,如若木朝懂经年
26,好久不见
27,雨声还细碎地拍
28,我用尽笑靥目送
29,学渣与零蛋
30,毁于爱
31,一束花够不够
32,未变
33,奈何情深
34,冗词
35,耐我如何
36,楠歌深度苏锦
37,热酒烫喉
38,初拥在故事结局
39,也许世界也可忘
40,情深何惧缘浅
41,高冷千年只为你
42,太阳当空照
43,舍弃心痛
44,他是阳光
45,我不温暖你喜寒
46,媳妇别闹快吃药
47,体温
48,十安胎
49,不离开
50,肖邦式维也纳忧
51,也为谁失落
52,几番周折
53,难顾及
54,我未弃
55,她好任性
56,南山南
57,海有多深
58,那又怎样i
59,初遇在故事开头
60,十年旧人
61,爱已入骨i
62,分手没有对错i
63,兮颜
64,幸运符号i
65,爱哭鬼
66,西街故人
67,带你翱翔到天黑
68,向前走
69,初见微爱
70,庸人自扰
71,欲陪你此生
72,再遇
73,岁的情丶忆一世
74,乱了心跳i
75,牵我手跟我走
76,你我终年不遇
77,我的男人我来爱
78,娇妻
79,情话烫舌
80,巴黎左岸
81,过去太秽
82,初遇在故事开头
83,哑了喉咙
84,始白头
85,东城旧巷
86,稚于最初
87,过期爱情
88,不离开
89,愿伴终老
90,校服是最棒的装
91,鱼在海底猫未追
92,平生一顾
93,钻石不懂玻璃泪
94,深海逆心
95,只谈情
96,执子之手是种病
97,若离开i
98,清水入喉
99,小生活
100,也许
101,多年以后i
102,不说爱
103,你不要假装开心
104,想我别断i
105,无人深爱
106,冰的天气
107,保护我
108,文化痞子
109,稚于最初
110,吧唧你别闹
111,偶尔高冷一下啦
112,夏末雨蝶亦相随
113,渐觉
114,唐尸三摆手
115,她宁愿错过
116,半心慌
117,你是太阳
118,忘情妄心望不到
119,念鱼
120,不狠怎能站稳
121,生世
122,路过你
123,对不起闯进你心
124,她的王
125,坏叔叔
126,筱萝莉
127,伴我长安
128,关于未来
129,初见
130,伴之则暖i
131,牵我手
132,痛而不语
133,白衣似雪
134,涂黑了记忆
135,毁于叛离
136,香蕉不骄i
137,初遇在故事开头
138,凹凸曼i
139,短不过一瞬i
140,爱得太深i
141,右手不弃
142,柠汐i
143,咫尺相思
144,旧人不复
145,再见红了眼
146,我没跟你笑
147,伴久人会厌
148,咆哮i
149,无名指
150,卷眉毛
151,胸口刺
152,发誓爱你一辈子
153,别松手
154,怎忘
155,却无可代替
156,衷心未改
157,进退由你
158,你随时便会走
159,柠檬不比心酸
160,筋疲力尽的翅膀
161,旅途医生
162,精神病人
163,等你万丈光芒
164,感谢经历
165,问世间情是何物
166,人潮拥挤i
167,离歌挽人
168,不说爱
169,不悔与他
170,我没有笑
171,长发及腰是贞子
172,暮然回首
173,天涯眷念
174,所以甘愿
175,凉心怪人i
176,苍山如海
177,千里冰封
178,毁她性
179,邮我拥抱i
180,忘不掉的他他他
181,青梅竹马
182,我叫项东流
183,你说久伴是多久
184,彼岸花落
185,独霸我情你是后
186,淋过冷雨
187,三秒动心
188,深毒
189,安之若素
190,猫九
191,爱你不走
192,杯酒怎能尽
193,所以甘愿
194,剪刀手i
195,难悸长安
196,薄荷深冬心未暖
197,我心已凉i
198,恩爱两不疑
199,少女深情梦亡海
200,难得孤寂i
201,陪我忘记
202,空怀旧
203,勿忘心安
204,青柠
205,醉绾青丝蛊
206,青檬少年
207,无可奈何
208,好小伙夜夜不休
209,阳光刺痛了眼
210,疼你一世i
211,短发齐耳是丸子
212,颜不如初
213,寄你笑颜i
214,刀剑如梦
215,挽人离歌
216,情花
217,我是你的小怪兽
218,咫尺画棠深
219,未来很好
220,孤后
221,初衷莫忘
222,我长不高了
223,柠檬初夏心未凉
224,如此妖娆
225,小怪兽i
226,嘚瑟过劲必闪腰
227,好姑娘永垂不朽
228,疯人院
229,我爱演
230,莫念初
231,唯他久伴i
232,寒眸朝
233,梦里笑醒
234,狼嗷嗷i
235,弃人怎回
236,衬我心酸
237,也为谁失落
238,唯爱你心
239,两个人的秘密
240,闭上眼
241,浅笑安然
242,晚安皇后i
243,浮光终见你
244,最初
245,假烟假酒假朋友
246,笑在眼底i
247,早安陛下i
248,海水不比泪咸
249,如初
250,一笑奈何i
251,欧耶欧隆偶买噶
252,七级心震i
253,晨初
254,陪我走
255,后来我笑傻了
256,哭着嫉妒
257,我碍眼
258,回不去的曾经i
259,许我一世
260,落花败叶
261,古城白衣少年殇
262,只宠她
263,奇葩奇葩哦买噶
264,一条街的距离
265,柠檬不比心酸
266,上瘾i
267,你的他多帅
268,初见微凉i
269,我是他的她
270,雨落倾城夏未凉
271,心冷致命
272,墨染青城
273,一把锁
274,稚于最初
275,你住嘴
276,不哭不闹不二情
277,舍不得的她她她
278,顺其自然i
279,童话很美好
280,九妄
281,北城以北
282,明将归
283,一个荡秋千
284,一早分手
285,覆水总难收
286,我鞋带散了i
287,谁能初心不负
288,致癌i
289,终遇你
290,董香
291,念你彻夜难眠
292,难再遇
293,望冬渐暖
294,柠檬初夏心未凉
295,葬之爱i
296,只是陌生寒暄
297,满城花祭泪
298,陪你永世到老
299,诗人流浪
300,花枝俏
301,难相守
302,暖人光i
303,你逢人便说爱
304,下抚琴
305,我的世界你做皇
306,以为你在哪里
307,奔跑着哭泣
308,薄情怪痞i
309,不乖不坏不可爱
310,爱到最美是陪伴
311,花落莫相离i
312,合拍病侣
313,庆幸能与你
314,知你冷暖
315,我是你的奥特曼
316,故事的结束
317,岁如歌
318,末不孤单
319,只是陌生寒暄
320,隔夜的茶
321,花焉如花花自香
322,北遇长街
323,明明就一直在i
324,闪得过钻石
325,寸步不离你别弃
326,十里桃花争香颜
327,相爱不能爱
328,几折荒年
329,性情使然
330,到不了的未来i
331,违心狗
332,不乖不坏不可爱
333,全民男神
334,知你冷暖
335,柚屿i
336,独她无谁i
337,与世界背离
338,桑榆非晚
339,三四友人
340,白衣染
341,面带笑容i
342,一刻一度一时光
343,失去了你的人生
344,地老天荒i
345,亮凉人不凉心
346,忍不住寂寞
347,我可以低头
348,海水不比泪咸
349,彼岸花開
350,你若心安
351,等一个转身
352,演的太真
353,深爱不离
354,低眉羞矣
355,入他心
356,尘灰散i
357,吻你嘴角
358,无人可容
359,旧巷
360,阳光不锈
361,以为你不懂
362,自己亦是风景
363,吻你嘴角
364,起初友人
365,长相厮守i
366,凉人心i
367,今唯我独尊
368,寒碜小院
369,初拥在故事结局
370,南有暖树
371,深居梦里为找你
372,破茧成蝶
373,浮生以过三千路
374,你的微笑
375,上课觉觉
376,奇葩女王偶买噶
377,落笔描摩殇水逝
378,一个画圈圈
379,十年戎马心孤单
380,无言以对
381,甜蜜的拥抱i
382,南音雨阁
383,她在他心
384,我叫项前进
385,南悸长安
386,众人心欢
387,不将就
388,老街
389,爱你真累i
390,进击的大奇葩
391,久爱还是久碍i
392,正在回复
393,久伴还是酒绊i
394,孑然一身
395,娆槿旧年初
396,时光陌路
397,情不知何起
398,我回忆过去i
399,她的坟
400,离开你
401,邀音起舞
402,下课闹闹
403,撕爱
404,木槿昔年
405,说谎友
406,他在你心里
407,心里这里
408,等来年
409,厚德载物
410,久爱不弃
411,初遇在故事开头
412,相随相知
413,只教人生死相许
414,不必仰望别人
415,她好美
416,任性丿
417,阳光如初堪比你
418,暖心向阳
419,东方不败
420,顾盼笙花
421,秋风起
422,红了眼
423,待你短裙到长裙
424,瀿澕落浕
425,西赆南琛
426,哭到微笑才痛快
427,爱得太深
428,空城旧梦i
429,北遇长街
430,雨落倾城夏未凉
431,半度微凉
432,所爱i
433,冷暖自知
434,奈何情深
435,他的城
436,只是当时已惘然
437,我叫浑浊
438,朦胧
439,初心不变
440,红衣妖娆
441,梦里想你
442,稚于最初
443,别回头
444,完美运动服
445,奈良的鹿
446,忘了幼稚的誓言
447,听见你说
448,话多人会倦
449,正能量小超人
450,因为深爱
451,校服西装
452,你我对味
453,毁爱
454,北巷小镇猫姑娘
455,怪我没天份
456,醉在眼眶i
457,珍惜与否
458,陋室粗茶
459,冷面攻
460,深巷
461,难将就
462,风华是一指流砂
463,你快回头
464,人不如故
465,疯人愿
466,你的心我的人
467,我就是无鞋
468,花开半夏凉城空
469,怪气受
470,多少人心口不同
471,我是她的他
472,惨青岁
473,我的心脏
474,伴之则暖
475,十言
476,乡村里的富二代
477,七八老酒
478,笑着羡慕
479,孤独成性怕不怕
480,心在跳是因为你
481,心岛未晴i
482,缘不知所起
483,衬我心酸
484,败者暖床丶
485,对不起闯进你心
486,隔的香
487,良人未归
488,爱对你笑i
489,与时间为敌
490,多啦A梦的嘴角
491,拥你进心
492,我的世界你做王
493,瞬间
494,如今爱人
495,点绛唇
496,爱你一生i
497,握不住的他i
498,白衣染
499,懂你悲欢
500,陷得更深i
501,城南旧事i
502,侧耳倾听
503,时光依旧走动
504,你共我i
505,予你拥抱
506,感情生物
507,你是清澈
508,故街
509,紧牵我
510,久溺梦里为寻你
511,难得孤寂i
512,豆腐心
513,知你冷暖
514,伴我多久
515,三四友人
516,唐尸三摆手i
517,啊哦眼睛出汗了
518,爱新觉罗痛经
519,打不过就装死
520,青春美丽疙瘩痘
521,一表人渣
522,欧美范蓉嬷嬷i
523,老衲只用飘柔
524,风中摇曳着长发
525,蹲厕耍蛆
526,喂伱裤子叉了
527,年少不轻狂i
528,别动我有法力
529,怪咖小妹
530,如蚂蚁般弱小
531,有本事你咬我啊
532,囧囧有神
533,稀飯香飘飘
534,逆流成河的悲伤
535,灰色记忆在跳动
536,1根小腿毛
537,不傻不成气候
538,想减肥又想狂
539,惦着脚尖摘太阳
540,我矮肉
541,被猪拱了的白菜
542,医生来颗焚心丸
543,涐是瘋女
544,我脱了你随意
545,深碍到深爱
546,我病态
547,老衲善解人衣
548,鹿先森教魔方
549,萌比从天而降
550,粪发涂墙
551,逗比逗比蹦擦擦
552,朴菜叶和边菠咸
553,恋人未满
554,开着宝马买馒头
555,坐着马桶唱情歌
556,你猜
557,久伴深爱
558,童心未泯
559,咕咚
560,朕略萌i
561,总被自己萌到
562,情兽
563,摸扎算命i
564,我长得能避邪
565,香水有毒
566,智商已更新
567,耳鸣光芒
568,称霸幼儿园
569,你跟我俩潮愣啥
570,有点小自恋
571,抱着夏天吃西瓜
572,笑脸博人脉
573,盛开的鲜花
574,触碰终极
575,把夕阳灌醉
576,生性寡情
577,痊愈心振
578,你二你先说i
579,八里路
580,多头怪
581,海绵宝宝与海绵
582,泚莮茬敩溅
583,大力水手
584,睫毛被偷了
585,深情痞子
586,是凶是兆是胸罩
587,瞅我带劲
588,帅的好烦躁
589,吧唧一口i
590,有肉任性
591,专业挖墙角
592,柠檬不萌
593,逗比厕所嗨情歌
594,拜拜不再见
595,半傻半疯半痴心
596,喜你可好
597,真人厮杀
598,第一场浩劫
599,怪我面太瘫
600,朕好萌i
601,我耳瞎i
602,烫烂你嘴
603,你真是够够的了
604,东方BB
605,陈赤赤i
606,女娲天后羿射之
607,神经领袖i
608,我的存在感呢
609,猫腻
610,章鱼烧
611,寂寞在K歌
612,梦里称王
613,恐怖粪子
614,古今红颜祸水
615,一百块钱不给我
616,超毒无解药
617,别给老娘来装纯
618,你跑吧我在追
619,你是羊咩
620,扯蛋的小情绪
621,粗腿阿婶i
622,绿袖姑娘
623,悟空钢管舞
624,i自然疯
625,屁响三千
626,不帅你报警
627,一步走半步颠
628,一脸的美人痣
629,逗比帅锅i
630,人闲屁事多
631,猴哥
632,撑死算工伤么
633,爱咋地咋地
634,那段扯淡的爱情
635,得意小生冂
636,俺是个土鳖i
637,黑名单欢迎你
638,VIP女神经
639,久思是病
640,白癡別離開我
641,赏ni一巴掌
642,胃酸求亲
643,蠢萌蠢萌的二货
644,二货少年
645,夜店遇家人
646,课桌上的三八线
647,二二更健康
648,脑残妞
649,久居她心i
650,骑着蜗牛私奔
651,海浪冲垮了心墙
652,真心不过半斤
653,充不满电的眼睛
654,葫芦架上的冬瓜
655,凹端大气下档次
656,带翅膀的吸血鬼
657,到韩国治丑病
658,花痴小姐
659,俄对爱情过敏
660,锤死凹特曼
661,来生愿作墙里人
662,早恋有益智商
663,珠穆郎马疯
664,蠢蠢蠢蠢蠢纯洁
665,疯子就是不一般
666,爷別拽妞会揍你
667,预期分手
668,厕所邂逅爱
669,对着嫦娥说晚安
670,蹲街弑低调
671,跳梁小丑
672,自嗨成神
673,村姑范
674,死不足惜
675,如毒渗骨
676,第三者
677,花花世界
678,夺人
679,幸福给你看
680,卓大爷
681,沵卟值棏
682,失永者我失
683,心比天高
684,不再回忆谁
685,此吻為你留
686,无所谓的爱
687,各取所需
688,别玩潜规则
689,此情可問天
690,三从四德
691,逢场作戏
692,辟邪圣物花
693,愛是種天分
694,形同陌路
695,霸占妳溫柔
696,醜到想整容
697,读你心温情
698,生命别再继续
699,分不散的友谊
700,请不要拆穿
701,爱我你怕了么
702,离开尔的幸福
703,背叛的报应
704,不爱就丢到
705,上课谈恋爱
706,禁区
707,不爱请闪开
708,唯恐天下不乱
709,就这样死去
710,只对你有感觉
711,喜欢上寂寞
712,心亡则忘
713,孤傲口
714,我冷血
715,不要脸
716,涐是瘋女
717,一笑而过
718,生死由命
719,毁灭爱情
720,没个正样
721,一了百了
722,麦霸
723,自作自受
724,请说不爱
725,初吻给了烟
726,不熟悉的你
727,心动不动心
728,不要命了
729,超天大圣丶
730,他没那种命
731,玩爱之徒
732,越夜越有神
733,親愛嘚滾
734,蓝颜妖精
735,不知好歹
736,醉到最后
737,开始恨你
738,與世隔絕
739,劳资鄙视爱情
740,自作孽照样活
741,浑蛋
742,把他带回来
743,不必谁懂我
744,别说尔爱俄
745,丶夜场领卖
746,沉言的骄傲
747,開丼裤
748,闭上眼睛爱
749,独奏我的歌
750,不要抱着胸
751,朕言尽于此
752,视莪为透明
753,无需昵称装饰
754,德国版慢摇
755,魅罗红颜乱
756,离我远一点
757,露骨的妖媚
758,不会说话的嘴
759,天亮灬说再见
760,你是我的了
761,最毒老娘们心
762,那就再也不见
763,看不起
764,給我個心跳
765,奈何橋相約
766,狂暴旳青春
767,你不必爱我
768,美貌征服祢娘
769,給硪馶煙
770,绝對不後悔
771,秀逗的张狂
772,只愛生疏人
773,爱情爬远跌
774,最后的抉择
775,没心没肺
776,那只是个笑话
777,你要的不是我
778,够狠才是男人
779,逃离你身边
780,山野村姑
781,叼了根烟
782,将时间停止
783,玫瑰花丶俗了
784,女人似毒丶
785,以自我为中心
786,你算what
787,你纵容的任性
788,最后一个夏天
789,小宇宙out
790,情是毒刺骨
791,你许谁的天荒
792,一颗丑陋的心
793,年轻就是资本
794,等闲人
795,你们太刺眼
796,神赐予力量
797,朕非常完美
798,占据你一切
799,请注意你的素质
800,份微薄悳薪氷
801,花心玓绝缘体
802,他说我不温柔
803,丶你的爱用不起
804,爷跪下唱征服
805,可我也有爱着他
806,灬喂站住
807,渲染死亡的华丽
808,三千情敌又如何
809,你是俄的毒药丶
810,你到底想怎么样
811,无视沵的存在
812,电击击不透心死
813,记忆被抽成真空
814,俄的女人不能看
815,你有算得了什么
816,话不投机半句多
817,幸福You吥配
818,姐风采依旧夺目
819,懂我再爱我
820,噘着大嘴的小新
821,薄荷梦
822,淡沫
823,空灵
824,蓝颜
825,向阳花
826,汐锁
827,曲線美
828,伊始
829,梦沫惜
830,苏染
831,沐小悠
832,木朵
833,初夏知鸣
834,夏颜
835,淡淡香水
836,栀子花
837,天使爱
838,陌雨涵
839,靜如水
840,阡陌
841,小优雅
842,聆听语声
843,勇敢一点
844,淡淡笑
845,苏陌染
846,妖精
847,花若怜
848,兰花执着
849,徒步旅行
850,惜夕
851,夢在藍天
852,天光微亮
853,陌小离
854,尘世美
855,冰纯茉莉
856,生夏如花
857,苏果孓
858,沫之夏
859,森林系女孩
860,笑靥如花
861,锦夏初冬
862,唯爱丶小艺
863,记忆中的美
864,新鮮感
865,青春的邂逅
866,春天华尔兹
867,陌丶沫
868,半夏微伤
869,花开宿语
870,夏温存
871,倾听夏末
872,浅唱淡夏
873,温习爱
874,粉蝶花
875,香椿丛林
876,惜沫
877,新鲜柠檬奶
878,白玫瑰
879,半世晨晓
880,淡淡绿茶香
881,咖啡物语
882,微笑向暖
883,蓝色树叶熊
884,抹茶味的百奇
885,温柔花
886,浅笑
887,1朵無言花
888,純情小茉莉
889,你给的感动
890,薔薇的承諾
891,迷失的夏
892,伸手碰阳光
893,下一次微笑
894,淡淡清香
895,花儿对我笑丶
896,阳光洒落银发
897,笑素颜朝天
898,米兰的春天
899,幸福的格桑花
900,阳光下的葵花
901,片小绿叶
902,淡如菊的女子
903,夏兮颜
904,甜美纯洁
905,涩gu苏黎
906,感染你的气息
907,对着太阳微笑
908,幽雅的笑
909,媳妇快来管管我
910,沫雅萱
911,空岛里的戀少女
912,我有我的小思念
913,女人明媚如花
914,安之素年与昔年
915,跟彩虹说午安
916,爱是含笑饮砒霜
917,薄荷味的小清新
918,恋初雪丶
919,你当我是浮夸吧
920,最闪星辰
921,栀子花的芬芳
922,安妮熊的三明治
923,流星是瞬间
924,格子涂过的夏天
925,小柔情佳蜜桃妞
926,春暖花開
927,傻傻爱
928,紅顔
929,晚夏
930,思念如絮
931,温存记忆
932,繁华的夜景
933,青色的甜蜜
934,那年盛夏
935,忘了说晚安
936,婧婧的旋转
937,漠颜
938,莫失莫忘
939,浅怀感伤
940,说寂寞
941,渲染
942,雨后的温暖
943,爱的情愫
944,逝爱
945,尋找那份情
946,街角的祝福
947,花美兮
948,从今以后
949,淡淡绿茶香
950,遗失爱情
951,之间的约定
952,流年亂了浮生
953,下一站思念
954,繁华未曾见
955,悲伤只是代替
956,等一束花開
957,一转即逝的笑
958,想念汇集成河
959,那回忆很美
960,可惜不是你
961,听海的声音
962,流星劃過夜
963,留守那思念
964,丶細微的花香
965,那時的溫柔
966,心会慢慢接受
967,那些甜言蜜語
968,蓝天下有微笑
969,宁静的分手夜
970,断了的线
971,忘却的旋律
972,卡布奇诺的爱
973,只求曾经拥有
974,那年夏永恒
975,很久很久以后
976,紫色諾言
977,烟花春晓
978,在你笑里沉沦
979,一瞬间旳回眸
980,天被熬亮了
981,夕阳染红了天
982,荆棘里的花
983,哭着说爱情
984,朵狗尾巴花
985,那一眼太眷恋
986,繁华落幕
987,繁华落尽的恋曲
988,月黑风高夜
989,夕阳一抹红颜
990,嘘呐花开了
991,直到最后一句
992,感染你的气息
993,幸福像花儿一样
994,流年淡漠红颜
995,天气好晴朗
996,割舍不断的羁绊
997,谁还如儿时单纯
998,尽一生思念想你
999,阳光洒进窗户里
1000,陽光下的沙漏
1001,你我从未忘记
1002,最黯淡de奢华
1003,我的眼里只有你
1004,沦陷你的深眸
1005,再回忆都是空白
1006,印在雪花上的爱
1007,只为他倾心
1008,那一抹忧郁的蓝
1009,夏季活跃的太阳
1010,不要你為w哭泣
1011,伴你走到世纪末
1012,回忆那些往事
1013,沈醉在夢
1014,蝶恋
1015,下雪了
1016,风痕迹
1017,初阳绽放
1018,涐旳柔情
1019,渲染流年
1020,遇見妳
1021,聆聽幸福
1022,开满花的树
1023,羙仯丶亾泩
1024,甜蜜的味道
1025,眼泪成诗
1026,唯美
1027,花开不败丶
1028,羙丽如花
1029,罗曼蒂克
1030,向阳花
1031,童话式结局
1032,花依然很美
1033,你就是唯一
1034,格桑花很美
1035,花开清香于眸
1036,歌特式转身
1037,聆听这幸福
1038,夕阳下的情调
1039,流年染指青春
1040,不能说的秘密
1041,听说樱花很美
1042,回忆你的笑
1043,夏花依旧
1044,踮起脚尖亲吻
1045,流年消逝如风
1046,唯美式丶承諾
1047,沵细长的眼睛
1048,曾经的大感动
1049,那年夏天的歌
1050,依賴式緈福
1051,她的眼睛会笑
1052,百合花太纯洁
1053,温柔的放肆
1054,彼岸花香四溢
1055,唯美的想法
1056,花伊自在美
1057,落寞的夏天
1058,今天天气晴
1059,请别遗忘我
1060,当美景都重叠
1061,花样年华丶
1062,逆光下的微笑
1063,後世續前緣
1064,幸福臨近
1065,掌心一朵微笑
1066,泡沫之夏
1067,幸福再次降临
1068,放飞的风筝
1069,Lst淺笑
1070,阳光刺穿瞳孔
1071,清晨的阳光丶
1072,你爱我爱你
1073,意境美
1074,淡淡花香
1075,期待丶下一季
1076,优雅的叶子
1077,记忆中相随
1078,厮守一季斑驳
1079,零距离羙感
1080,夜凄凉
1081,你看我笑靥如花
1082,在来爱我一回
1083,星期五的爱恋
1084,放手也是种爱
1085,初夏如此灑脫
1086,梦想盛开的春天
1087,珎昰珴旳太阳花
1088,Fate唯美
1089,恋我半世的流离
1090,侧面动人的旋律
1091,普罗旺斯的爱情
1092,天空的彩红
1093,流年消逝梦相思
1094,静静地聆听美好
1095,左手边幸福
1096,柏林迷雾的朦胧
1097,柔情似水的眼眸
1098,芬兰清晨的绚烂
1099,Ｅ暮夜
1100,丶为你袖手天下
1101,黑玫瑰Rose
1102,痛的余味
1103,不言伤悲
1104,哭显孤单
1105,心碎怎合
1106,已成陌路
1107,旧友终离
1108,久挽不留
1109,夜梦萧寒
1110,旧念何挽
1111,谢赠空欢
1112,泪已成哀
1113,我失你心
1114,泪落成殇
1115,余生无你
1116,毁梦碎心
1117,独守寂寥
1118,熟到陌路
1119,断情绝念
1120,残颜孤老
1121,阑珊几场
1122,悲伤丶循环
1123,淡忘你的爱
1124,噙泪的微笑
1125,断发忘痛
1126,人心怕海碎
1127,吢門魢閉關
1128,花落忆流年
1129,泪刺痛了眼
1130,残留的躯壳
1131,風祌僀涙
1132,酷友网
1133,是你忘了我
1134,毁了心葬了爱
1135,枉然如夢
1136,细收沧桑白发
1137,遗忘的海角沙
1138,埋没我的痴狂
1139,舊仌謧夢
1140,奈何空海有泪
1141,滑过嘴角的泪
1142,梦惊人离
1143,花哭丶花瓣追
1144,彼此請陌生
1145,生破落
1146,你再没有回来
1147,这夜为你哭
1148,尘事太揪人心
1149,我已伤痕累累
1150,风起人散灬
1151,笑朢離亽
1152,殇活在泪里
1153,譆揂嶼妳
1154,承诺早已泛黄
1155,半情歌半微凉
1156,空梦空的我心痛
1157,凉风习卷人心
1158,谁的思念带着伤
1159,這椴鯖峩魢莣
1160,强颜欢笑的泪水
1161,舊夣唥魜杺
1162,我曾经掏空了心
1163,人若深情必自毙
1164,被风吹散的约定
1165,两人始一人终
1166,为你我受冷风吹
1167,你是我的笑忘书
1168,灵魂以创痛为食
1169,情深以后滿情伤
1170,廽鳦呿臰
1171,錑lou鷡櫢
1172,心已死再無牽掛
1173,邊笑錑閖邊鋽
1174,箜箛fn
1175,思绪蔓延泪决堤
1176,人未亡心先亡
1177,軻沒宥如
1178,婧毇mi
1179,怹辷z洅夣哩
1180,終奌傷起奌
1181,止住旳l囦
1182,髑I棄了誐
1183,些荒櫠鎏哖
1184,心上鎖钥匙却铥
1185,匴恨彵请壹子
1186,叶紛紛jη哀饬
1187,i怹橕傘淋雨
1188,逢旧人
1189,抱紧我
1190,惹恨你的
1191,嫌我无趣
1192,旧路难走
1193,别有念绪
1194,大梦想家
1195,枯心人
1196,我以为
1197,容颜舍弃
1198,心太浪
1199,酒馆的猫
1200,情窦
1201,荒城旧梦
1202,等风起
1203,对与错
1204,如水成冰
1205,如冰结晶
1206,南方佳人
1207,挽风人
1208,叙述人
1209,他说余生
1210,情感真诚
1211,人生如戏
1212,安和桥北
1213,不二情书
1214,风声淡
1215,可否安好
1216,挽手叙旧
1217,心灵透明
1218,柔情罪犯
1219,从头再来
1220,难忘今宵
1221,风情尽说
1222,热情与谁
1223,过期关系
1224,不闻网事
1225,清风伴酒
1226,苦口良药
1227,外面的世界
1228,捂眼藏泪
1229,为情所困
1230,浊酒烬余欢
1231,己饥己溺
1232,单身挺好
1233,他是泪点
1234,野性不高傲
1235,外向孤独症
1236,散场电影
1237,恕我多余
1238,安好如初
1239,老狗旧友
1240,孤街浪痞
1241,爱与坚守
1242,蜜语甜言
1243,修炼爱情
1244,用尽了热情
1245,兽性难改
1246,任由它作乱
1247,少一点套路
1248,像中枪一样i
1249,残留的余温
1250,涉世渡河人
1251,风起人散未果
1252,悠悠欲寡欢
1253,酒伴不及久伴
1254,薄荷加冰透心凉
1255,等风归等你归
1256,何人还逝藏海花
1257,谁懂男人的痛
1258,再回忆都是空白
1259,其实单身挺好
1260,不断失去所有
1261,醉在寂寥的夜里
1262,天黑路滑人心杂
1263,一生一世一双人
1264,你也好不到哪去
1265,past过往
1266,不愿失去
1267,互不打扰
1268,心亦冷i
1269,初时不记
1270,我只爱我
1271,三字告白
1272,无法想象
1273,单曲循环
1274,凉秋瑾言
1275,久病不愈
1276,七月恋歌
1277,逃出我界
1278,爱人不遇
1279,不屑索求
1280,平凡之路
1281,夕颜泪痕
1282,入我心怀
1283,触不可及
1284,天灾人祸
1285,盲目疯狂
1286,奇葩女友
1287,不谈爱情
1288,心底青苔
1289,强颜欢笑
1290,痴心季节
1291,声音在笑
1292,失掉方向
1293,泽畔东篱
1294,北葵向暖
1295,大莓妹子
1296,沙哑情歌
1297,你太虚伪
1298,好的情人
1299,爱憎分明
1300,感情褪色
1301,鹿吟成糜
1302,假心情人
1303,迷笙鹿安
1304,完美情人
1305,如梦初醒
1306,缺失爱情
1307,镜子别哭
1308,久爱不腻
1309,趁我还在
1310,活埋真心
1311,一笑奈何
1312,趁着醉意
1313,一腔孤勇
1314,难离难舍
1315,大梦初醒
1316,停止呼吸
1317,难免认真
1318,别来无恙
1319,醉死梦生
1320,愿无悲喜
1321,梦醒时分i
1322,岁月无声
1323,寂寞拐诱
1324,岁月无声i
1325,你攻我受i
1326,所谓坚强
1327,停止跳动
1328,薄了青春
1329,空气稀薄i
1330,乱心少年
1331,越反越爱
1332,万撸男神
1333,君不可言
1334,虎躯一震
1335,付词与菊i
1336,衬人心欢
1337,时光荏苒
1338,万丈深渊
1339,你是我的i
1340,柠檬少年
1341,似梦似幻i
1342,蘑菇男神
1343,深海少年
1344,边境矢梦
1345,倔强的你i
1346,十梦几她i
1347,故人离
1348,风吹大
1349,堕落
1350,旅古巷
1351,下玄月
1352,末路灯
1353,风要走
1354,温柔乡
1355,怎无言
1356,孤默
1357,赶路人
1358,尘中客
1359,怎言他
1360,不讨喜
1361,旧青春
1362,独角戏
1363,诉衷肠
1364,老唱片
1365,孤僻i
1366,玩闹话
1367,疲乏的痛
1368,永失我爱
1369,南挽
1370,故事细腻
1371,关于罢了
1372,没了野心
1373,野欲
1374,陈年旧事
1375,对半感情
1376,各自安好
1377,孤猫老友
1378,听风说你
1379,孤独如我
1380,未亡人
1381,一无所有
1382,无奈申辩
1383,别太煽情
1384,孤烟旧人
1385,后会无期
1386,老死的猫
1387,余生才醉
1388,无人疼爱
1389,孤身一人
1390,老巷酒馆
1391,好想你
1392,旧人泪予
1393,荒野寒风
1394,画地为牢
1395,时光难留
1396,烈风烫酒
1397,一笑之
1398,南风未起
1399,随风听雨
1400,吴心人i
1401,怎么就动情
1402,一双迷人眼
1403,陈酒温几回
1404,枕下的悲情
1405,心软却想酷
1406,迷途不归家
1407,灯火阑珊处
1408,你好特别
1409,往事埋风中
1410,听说你想逃
1411,森屿光年
1412,与世为敌
1413,无关爱情
1414,负者歌与途
1415,止于爱情
1416,青涩渐远去
1417,过分热情
1418,一只失宠猫
1419,爱是不夜城
1420,爱到骨子里
1421,旧梦失词i
1422,孤坐聆听风声
1423,一只失宠猫
1424,不及眼角桃花
1425,落水的野猫
1426,习惯一个人
1427,松手在风里
1428,淡忘的名字
1429,说给自己听
1430,如果时光倒流
1431,往事难回头
1432,没人疼抱自己
1433,我真准备放手了
1434,情到深处人孤独
1435,与君殊途不同归
1436,风中紧抱的自由
1437,单枪匹马战沙场
1438,木槿年
1439,情栀
1440,南山南
1441,仍未见
1442,乱世殇
1443,初相识
1444,辜予你
1445,故人挽
1446,醉红颜
1447,旧少年
1448,顾及
1449,入心
1450,紧拥我
1451,熬夜命
1452,南风吹
1453,余生情诗
1454,温暖太深
1455,栀寒九暖
1456,无可奈何
1457,南城的你
1458,执酒与谁
1459,婴与少女
1460,听风吹
1461,终于失去
1462,开始逃脱
1463,調啤
1464,南巷清风
1465,情话入骨
1466,初心未改
1467,故人归
1468,浊发清眸
1469,情感洁癖
1470,眉眼宠溺
1471,重拾旧梦
1472,眼带笑意
1473,到后来
1474,北船余香
1475,散了年轮
1476,南风未起
1477,宠溺是病
1478,荒岛晴空
1479,善待自己
1480,白话情人
1481,风往北吹
1482,离人怎挽
1483,好听的网名
1484,故事与歌
1485,苟延残喘
1486,青树枯藤
1487,岁月歌者
1488,故事很长
1489,笑颜雨花
1490,别了初心
1491,笑靥如花
1492,沧海已老
1493,冷风吹
1494,听风挽雨
1495,多年以后
1496,就此别过
1497,你别皱眉
1498,枉你真心
1499,白衣清酒
1500,旧巷听雨
1501,唇情爱人
1502,路远马亡
1503,南栀倾寒
1504,清栀年华
1505,南鸢离梦
1506,再见后来
1507,久孤
1508,低诉
1509,醉染
1510,柚凉
1511,裳初
1512,鸢久
1513,饮泪
1514,寡交
1515,无梦
1516,藏心
1517,暖痕
1518,迷失
1519,久愁
1520,颤抖
1521,漠望
1522,枉心
1523,似初
1524,旧影
1525,莫忘
1526,孤己
1527,逞笑
1528,初久
1529,恋旧
1530,看透
1531,星碎
1532,独伴
1533,心坟
1534,挽留
1535,念拥
1536,阔别
1537,絮恋
1538,生寂
1539,笑忘
1540,共醉
1541,垂眸
1542,渐远
1543,执念
1544,浅陌
1545,乏涩
1546,无眠
1547,离岸
1548,怒放
1549,忆海
1550,遗忘y
1551,酔念i
1552,买醉i
1553,空白
1554,陌殇o
1555,忘我
1556,断点
1557,落败者
1558,老拐子
1559,交际花
1560,将进酒
1561,蚊子血
1562,说书人
1563,塞情书
1564,跟风狗
1565,怪难瘦
1566,丑七怪
1567,双马尾
1568,呕象
1569,别跟风
1570,黑凤梨
1571,小嘴欠吻
1572,你未走心
1573,傲娇少女
1574,活在裆下
1575,呼噜噜
1576,厌恶人心
1577,辣条宝宝
1578,战场情话
1579,病友情深
1580,男友难有
1581,孤单萝莉
1582,贪多必失
1583,浮华旭形
1584,无知少女
1585,你真会装
1586,江山美人
1587,辣条总裁
1588,帅你一脸
1589,笑到肚痛
1590,独霸江山
1591,作茧自缚
1592,岁月苦茶
1593,南初遇
1594,魔怔爱你
1595,你挺能闹
1596,滥情长老
1597,野战狂狼
1598,隔壁老王
1599,满头满脸
1600,浪荡街痞
1601,时常上路
1602,醉卧美人膝
1603,搞笑个性网名
1604,笑你像狗
1605,岁月催人胖
1606,做人别太傲
1607,人心皆薄凉
1608,朕好萌i
1609,贪吃的猫儿
1610,偷看你一秒
1611,莫欺少年穷
1612,常伴我身
1613,花开在秋季
1614,貌似这样
1615,丑人多作怪
1616,社会水太深
1617,乖小孩
1618,帅帅哒
1619,乖乖妞
1620,B宝
1621,萌萌哒
1622,小p孩
1623,赤宝宝
1624,猫猫
1625,小小孩
1626,笨小猪
1627,孩子王
1628,洋洋
1629,猪头美艳
1630,小盆友i
1631,小七
1632,甜尕妞
1633,软甜幼妹
1634,黑暗萝莉
1635,樱子小孩
1636,萌比比i
1637,瓜娃子i
1638,屁颠小孩
1639,綯氣寶寶
1640,傲气冲地
1641,一颗傻蛋
1642,傻孩子
1643,尐脸嘟嘟
1644,凹特曼
1645,喵喵
1646,小小孩子
1647,萝莉杀手
1648,尐米蟲
1649,邪恶乖小孩
1650,寶貝猪唲o
1651,小猪侠
1652,外国小女孩
1653,孤独的孩子
1654,安妮和小熊
1655,甜心布丁
1656,铥铥
1657,网混小萝莉
1658,细B
1659,釢嘴
1660,安妮萌萌哒
1661,小佳默默
1662,麦芽糖糖
1663,唐老鸭i
1664,浅小亚
1665,小猪
1666,小小小太阳
1667,桐瓜娃子
1668,菟子
1669,某只小帅比
1670,肥波是只猫
1671,米老鼠
1672,手冰的孩纸
1673,鉲佈奇诺
1674,任性的小孩
1675,坏尐絯
1676,幼稚园大姐大
1677,咱卜乖
1678,尐可爱
1679,风吹屁屁凉丶
1680,壞孩孓龍
1681,兔斯基先生
1682,兔斯基微笑
1683,冒芽的小豆豆
1684,小赖皮o
1685,撞上小白兔
1686,染过的玩偶
1687,坏尐絯
1688,尛閨籹
1689,兔斯基小姐
1690,壞壞
1691,嘟嘟熊OO
1692,小霸王
1693,布丁熊嘟嘟
1694,荳荳
1695,爱喝奶奶小孩
1696,丘比特来射我
1697,oO爆脾气Oo
1698,含个奶嘴闯天下
1699,丢了娃娃的孩子
1700,爱说脏话的孩纸
1701,嘟嘟
1702,灬纯真小女孩
1703,天真的笑容
1704,童年里的纸飞机
1705,傻里傻气傻孩纸
1706,屁颠屁颠
1707,弱智童歡樂多
1708,没安全感的孩纸
1709,爱做梦的猪宝宝
1710,幼稚园新童鞋
1711,粉尛偉丶
1712,爱哭爱闹爱撒娇
1713,阳光小镇与少女
1714,天真可爱叫卖萌
1715,不给n糖糖吃
1716,小呀么小骄傲
1717,尛尛敏
1718,表情呆滞诶
1719,帥q沬宬年
1720,喓长d
1721,被宠溺了的孩纸
1722,当倪旳跟屁虫
1723,又傻又呆又疯癫
1724,兔斯基是单眼皮
1725,感情泛濫的小孩
1726,顽皮灬贝贝≦
1727,ovo我太坏
1728,尐虎牙3
1729,小小志kimi
1730,ve乖乖哒